﻿{
  "Customers": [
    {
      "CustomerID": "e2f1180c-8054-41a7-bb8d-9e0588de49e9",
      "CustomerCode": "KH000021",
      "CustomerName": "Nguyễn Tiến Tân",
      "Tel": "09218123910",
      "Birthday": "1963-01-18T17:00:00.000Z",
      "CompanyName": "",
      "CompanyTaxCode": "",
      "Address": "",
      "Description": "",
      "MemberCardNo": "",
      "Inactive": false,
      "Email": "",
      "PostalCode": "",
      "Amount": 0,
      "MemberShipID": 3176,
      "MemberShipCode": "209419926",
      "LastName": "",
      "ContactPrefix": 0,
      "HouseNumber": "",
      "ProvinceOrCity": "",
      "District": "",
      "Street": "",
      "Is5FoodMember": true,
      "ImportListError": [],
      "ImportRowIndex": 0,
      "EditVersion": "AAAAAADMQDs=",
      "IsFristActive5food": false,
      "IsAddTo5Food": true,
      "EditMode": 0,
      "CreatedDate": "2019-05-29T02:34:13.49049Z",
      "CreatedBy": "QUANLY",
      "ModifiedDate": "2019-08-19T08:22:45.83083Z",
      "ModifiedBy": "QUANLY",
      "IsGenerate": false
    },
    {
      "CustomerID": "305bdc43-067c-4a8d-aa43-33abd21cc012",
      "CustomerCode": "KH000020",
      "CustomerName": "Nguyễn Văn Tuấn",
      "Tel": "0974791898",
      "Birthday": "1997-04-13T17:00:00.000Z",
      "CompanyName": "MISA",
      "CompanyTaxCode": "563747346",
      "Address": "Hà Nội",
      "Description": "Không có ghi chú",
      "MemberCardNo": "",
      "MemberLevelID": "17853204-18cc-4f61-a4b7-a2b5f33295b4",
      "CustomerCategoryID": "139d689c-a74c-4159-a96f-9d4bfa108125",
      "CustomerCategoryCode": "VIP",
      "Inactive": false,
      "Email": "nvtuan1404@gmail.com",
      "PostalCode": "",
      "Amount": 0,
      "MemberShipID": 3102,
      "MemberShipCode": "661489451",
      "LastName": "",
      "ContactPrefix": 0,
      "HouseNumber": "",
      "ProvinceOrCity": "",
      "District": "",
      "Street": "",
      "Is5FoodMember": true,
      "ImportListError": [],
      "ImportRowIndex": 0,
      "EditVersion": "AAAAAADFQ/o=",
      "IsFristActive5food": false,
      "IsAddTo5Food": true,
      "EditMode": 0,
      "CreatedDate": "2019-04-01T03:19:35.387387Z",
      "CreatedBy": "QUANLY",
      "ModifiedDate": "2019-04-01T03:19:35.387387Z",
      "ModifiedBy": "QUANLY",
      "IsGenerate": false
    },
    {
      "CustomerID": "999de62e-4c7d-42b4-812b-f1ac583c27bc",
      "CustomerCode": "KH00001a",
      "CustomerName": "Nguyễn Đình Chiểu",
      "Tel": "0945978643",
      "CompanyName": "Công ty cổ phần osion",
      "CompanyTaxCode": "",
      "Address": "",
      "Description": "",
      "MemberCardNo": "",
      "MemberLevelID": "17853204-18cc-4f61-a4b7-a2b5f33295b4",
      "Inactive": false,
      "Email": "",
      "PostalCode": "",
      "Amount": 0,
      "MemberShipID": 1942,
      "MemberShipCode": "444476778",
      "LastName": "",
      "ContactPrefix": 0,
      "HouseNumber": "",
      "ProvinceOrCity": "",
      "District": "",
      "Street": "",
      "Is5FoodMember": true,
      "ImportListError": [],
      "ImportRowIndex": 0,
      "EditVersion": "AAAAAADBTG0=",
      "IsFristActive5food": false,
      "IsAddTo5Food": true,
      "EditMode": 0,
      "CreatedDate": "2018-05-24T02:55:25.557557Z",
      "CreatedBy": "QUANLY",
      "ModifiedDate": "2018-11-07T10:50:13.73073Z",
      "ModifiedBy": "QUANLY",
      "IsGenerate": false
    },
    {
      "CustomerID": "64459a1b-8a8b-4d61-a40a-55ae56bf67ee",
      "CustomerCode": "KH000019",
      "CustomerName": "Nguyễn Văn Mạnh",
      "Tel": "0332309888",
      "CompanyName": "",
      "CompanyTaxCode": "",
      "Address": "",
      "Description": "",
      "MemberCardNo": "",
      "Inactive": false,
      "Email": "",
      "PostalCode": "",
      "Amount": 0,
      "MemberShipID": 2955,
      "MemberShipCode": "054796230",
      "LastName": "",
      "ContactPrefix": 0,
      "HouseNumber": "",
      "ProvinceOrCity": "",
      "District": "",
      "Street": "",
      "Is5FoodMember": true,
      "ImportListError": [],
      "ImportRowIndex": 0,
      "EditVersion": "AAAAAADMQN8=",
      "IsFristActive5food": false,
      "IsAddTo5Food": true,
      "EditMode": 0,
      "CreatedDate": "2019-03-26T01:58:00.377377Z",
      "CreatedBy": "QUANLY",
      "ModifiedDate": "2019-08-19T08:32:27.143143Z",
      "ModifiedBy": "QUANLY",
      "IsGenerate": false
    },
    {
      "CustomerID": "50d526c2-a7eb-4bd7-8beb-4026352e43d8",
      "CustomerCode": "KH000018",
      "CustomerName": "Nguyễn Minh Hoàng",
      "Tel": "564545645",
      "CompanyName": "",
      "CompanyTaxCode": "",
      "Address": "Lý Nhân, Vĩnh Tường, Vĩnh Phúc",
      "Description": "",
      "MemberCardNo": "",
      "Inactive": false,
      "Email": "",
      "PostalCode": "",
      "Amount": 0,
      "MemberShipID": 3044,
      "MemberShipCode": "564889921",
      "FirstName": "sfasreasa",
      "LastName": "",
      "ContactPrefix": -1,
      "HouseNumber": "",
      "ProvinceOrCity": "",
      "District": "",
      "Street": "dsagdgwertg",
      "Is5FoodMember": true,
      "ImportListError": [],
      "ImportRowIndex": 0,
      "EditVersion": "AAAAAADMQU4=",
      "IsFristActive5food": false,
      "IsAddTo5Food": true,
      "EditMode": 0,
      "CreatedDate": "2019-01-30T02:19:52.5005Z",
      "ModifiedDate": "2019-08-19T08:34:27.533533Z",
      "ModifiedBy": "QUANLY",
      "IsGenerate": false
    },
    {
      "CustomerID": "80c75e16-3a07-4c17-a894-583420ac5519",
      "CustomerCode": "KH000017a",
      "CustomerName": "Lê Thị Mơ",
      "Tel": "0969783657",
      "CompanyName": "",
      "CompanyTaxCode": "",
      "Address": "",
      "Description": "",
      "MemberCardNo": "",
      "MemberLevelID": "17853204-18cc-4f61-a4b7-a2b5f33295b4",
      "Inactive": false,
      "Email": "",
      "PostalCode": "",
      "Amount": 0,
      "MemberShipID": 1944,
      "MemberShipCode": "975638900",
      "LastName": "",
      "ContactPrefix": 0,
      "HouseNumber": "",
      "ProvinceOrCity": "",
      "District": "",
      "Street": "",
      "Is5FoodMember": true,
      "ImportListError": [],
      "ImportRowIndex": 0,
      "EditVersion": "AAAAAADBTGg=",
      "IsFristActive5food": false,
      "IsAddTo5Food": true,
      "EditMode": 0,
      "CreatedDate": "2018-05-24T02:56:46.13013Z",
      "CreatedBy": "QUANLY",
      "ModifiedDate": "2018-11-07T10:50:13.73073Z",
      "ModifiedBy": "QUANLY",
      "IsGenerate": false
    },
    {
      "CustomerID": "3bd54c4b-4de0-4163-b0ac-f686a547800d",
      "CustomerCode": "KH000017",
      "CustomerName": "Trương Quang Tuấn",
      "Tel": "213645646",
      "CompanyName": "",
      "CompanyTaxCode": "",
      "Address": "Tuân Chính, Vĩnh Phúc",
      "Description": "",
      "MemberCardNo": "",
      "Inactive": false,
      "Email": "",
      "PostalCode": "",
      "Amount": 0,
      "MemberShipID": 3043,
      "MemberShipCode": "940678369",
      "FirstName": "dèasfsf",
      "LastName": "",
      "ContactPrefix": -1,
      "HouseNumber": "",
      "ProvinceOrCity": "",
      "District": "",
      "Street": "áefasf",
      "Is5FoodMember": true,
      "ImportListError": [],
      "ImportRowIndex": 0,
      "EditVersion": "AAAAAADMQUw=",
      "IsFristActive5food": false,
      "IsAddTo5Food": true,
      "EditMode": 0,
      "CreatedDate": "2019-01-30T02:03:04.65065Z",
      "CreatedBy": "QUANLY",
      "ModifiedDate": "2019-08-19T08:33:48.957957Z",
      "ModifiedBy": "QUANLY",
      "IsGenerate": false
    },
    {
      "CustomerID": "2b494128-7d08-4a9d-a741-3a8eea727e06",
      "CustomerCode": "KH000016",
      "CustomerName": "Nguyễn Đình Thi",
      "Tel": "0984736253",
      "CompanyName": "",
      "CompanyTaxCode": "",
      "Address": "",
      "Description": "",
      "MemberCardNo": "",
      "MemberLevelID": "17853204-18cc-4f61-a4b7-a2b5f33295b4",
      "Inactive": false,
      "Email": "",
      "PostalCode": "",
      "Amount": 0,
      "MemberShipID": 1943,
      "MemberShipCode": "392573261",
      "LastName": "",
      "ContactPrefix": 0,
      "HouseNumber": "",
      "ProvinceOrCity": "",
      "District": "",
      "Street": "",
      "Is5FoodMember": true,
      "ImportListError": [],
      "ImportRowIndex": 0,
      "EditVersion": "AAAAAADBTGY=",
      "IsFristActive5food": false,
      "IsAddTo5Food": true,
      "EditMode": 0,
      "CreatedDate": "2018-05-24T02:56:02.107107Z",
      "CreatedBy": "QUANLY",
      "ModifiedDate": "2018-11-07T10:50:13.73073Z",
      "ModifiedBy": "QUANLY",
      "IsGenerate": false
    },
    {
      "CustomerID": "55777ba8-5d67-49be-9544-3fa8fdbf320d",
      "CustomerCode": "KH000014",
      "CustomerName": "Nguyễn Quang Huy",
      "Tel": "1111",
      "CompanyName": "",
      "CompanyTaxCode": "",
      "Address": "",
      "Description": "",
      "MemberCardNo": "",
      "Inactive": false,
      "Email": "",
      "PostalCode": "",
      "Amount": 0,
      "MemberShipID": 1820,
      "MemberShipCode": "334676938",
      "LastName": "",
      "ContactPrefix": 0,
      "HouseNumber": "",
      "ProvinceOrCity": "",
      "District": "",
      "Street": "",
      "Is5FoodMember": true,
      "ImportListError": [],
      "ImportRowIndex": 0,
      "EditVersion": "AAAAAADMQDY=",
      "IsFristActive5food": false,
      "IsAddTo5Food": true,
      "EditMode": 0,
      "CreatedDate": "2018-05-24T01:28:56.597597Z",
      "CreatedBy": "QUANLY",
      "ModifiedDate": "2019-08-19T08:21:46.17017Z",
      "ModifiedBy": "QUANLY",
      "IsGenerate": false
    },
    {
      "CustomerID": "8ffd8f84-4cb7-4e33-9fe6-e8c3c49052e2",
      "CustomerCode": "KH000011",
      "CustomerName": "Hoàng Thùy Linh",
      "Tel": "090.345.123",
      "CompanyName": "",
      "CompanyTaxCode": "",
      "Address": "15 Duy Tân",
      "Description": "",
      "MemberCardNo": "",
      "Inactive": false,
      "Email": "",
      "PostalCode": "",
      "Amount": 0,
      "MemberShipID": 153,
      "MemberShipCode": "387410371",
      "FirstName": "chị Linh",
      "LastName": "",
      "ContactPrefix": -1,
      "HouseNumber": "",
      "ProvinceOrCity": "",
      "District": "",
      "Street": "15 Duy Tân",
      "Is5FoodMember": true,
      "ImportListError": [],
      "ImportRowIndex": 0,
      "EditVersion": "AAAAAADMQDc=",
      "IsFristActive5food": false,
      "IsAddTo5Food": true,
      "EditMode": 0,
      "CreatedDate": "2018-02-26T02:48:06.187187Z",
      "CreatedBy": "THUNGAN",
      "ModifiedDate": "2019-08-19T08:22:02.953953Z",
      "ModifiedBy": "THUNGAN",
      "IsGenerate": false
    },
    {
      "CustomerID": "3cd687bf-4962-45f4-9607-27fb3f3841ea",
      "CustomerCode": "KH000010",
      "CustomerName": "Nguyễn Văn Mạnh",
      "Tel": "0123456789",
      "CompanyName": "",
      "CompanyTaxCode": "",
      "Address": "",
      "Description": "",
      "MemberCardNo": "",
      "MemberLevelID": "17853204-18cc-4f61-a4b7-a2b5f33295b4",
      "Inactive": false,
      "Email": "",
      "PostalCode": "",
      "Amount": 0,
      "MemberShipID": 243,
      "MemberShipCode": "517349226",
      "FirstName": "Nguyễn Văn Mạnh",
      "ContactPrefix": -1,
      "Street": "",
      "Is5FoodMember": true,
      "ImportListError": [],
      "ImportRowIndex": 0,
      "EditVersion": "AAAAAADBTGU=",
      "IsFristActive5food": false,
      "IsAddTo5Food": true,
      "EditMode": 0,
      "CreatedDate": "2018-02-26T01:12:37.347347Z",
      "CreatedBy": "QUANLY",
      "ModifiedDate": "2018-11-07T10:50:13.73073Z",
      "ModifiedBy": "QUANLY",
      "IsGenerate": false
    },
    {
      "CustomerID": "5a24c58e-0909-4954-94fe-f33c1ae57b32",
      "CustomerCode": "KH000007",
      "CustomerName": "Lại Thị Đào",
      "Tel": "01689584712",
      "CompanyName": "",
      "CompanyTaxCode": "",
      "Address": "Hà Đông, Hà Nội",
      "Description": "",
      "MemberCardNo": "",
      "Inactive": false,
      "Email": "",
      "PostalCode": "",
      "Amount": 0,
      "FirstName": "Chị Đào",
      "LastName": "",
      "ContactPrefix": -1,
      "HouseNumber": "",
      "ProvinceOrCity": "",
      "District": "",
      "Street": "",
      "Is5FoodMember": false,
      "ImportListError": [],
      "ImportRowIndex": 0,
      "EditVersion": "AAAAAADMQU8=",
      "IsFristActive5food": false,
      "IsAddTo5Food": true,
      "EditMode": 0,
      "CreatedDate": "2016-09-28T03:24:09.293293Z",
      "CreatedBy": "THUNGAN",
      "ModifiedDate": "2019-08-19T08:34:51.077077Z",
      "ModifiedBy": "THUNGAN",
      "IsGenerate": false
    },
    {
      "CustomerID": "e68c94f0-f145-4f90-9545-9df88cd6d092",
      "CustomerCode": "KH000006",
      "CustomerName": "Hoàng Anh Tuấn",
      "Tel": "0374075522",
      "CompanyName": "",
      "CompanyTaxCode": "",
      "Address": "",
      "Description": "",
      "MemberCardNo": "",
      "Inactive": false,
      "Email": "",
      "PostalCode": "",
      "Amount": 0,
      "FirstName": "Giao hàng",
      "LastName": "",
      "ContactPrefix": -1,
      "HouseNumber": "",
      "ProvinceOrCity": "",
      "District": "",
      "Street": "0",
      "Is5FoodMember": false,
      "ImportListError": [],
      "ImportRowIndex": 0,
      "EditVersion": "AAAAAADMQU0=",
      "IsFristActive5food": false,
      "IsAddTo5Food": true,
      "EditMode": 0,
      "CreatedDate": "2016-09-16T01:46:20.437437Z",
      "CreatedBy": "THUNGAN",
      "ModifiedDate": "2019-08-19T08:34:06.607607Z",
      "ModifiedBy": "THUNGAN",
      "IsGenerate": false
    },
    {
      "CustomerID": "4c0cabd3-d408-4341-9013-2486f804651d",
      "CustomerCode": "KH0000055",
      "CustomerName": "Nguyễn Thảo",
      "Tel": "0977340334",
      "CompanyName": "",
      "CompanyTaxCode": "",
      "Address": "Tòa nhà VTC, Hoàn Kiếm, Hà Nội",
      "Description": "",
      "MemberCardNo": "",
      "Inactive": false,
      "Email": "",
      "PostalCode": "",
      "Amount": 0,
      "FirstName": "chị Linh",
      "LastName": "",
      "ContactPrefix": -1,
      "HouseNumber": "",
      "ProvinceOrCity": "",
      "District": "",
      "Street": "15 Duy Tân",
      "Is5FoodMember": false,
      "ImportListError": [],
      "ImportRowIndex": 0,
      "EditVersion": "AAAAAADMQVA=",
      "IsFristActive5food": false,
      "IsAddTo5Food": true,
      "EditMode": 0,
      "CreatedDate": "2016-09-16T07:39:54.093093Z",
      "CreatedBy": "THUNGAN",
      "ModifiedDate": "2019-08-19T08:35:28.39039Z",
      "ModifiedBy": "THUNGAN",
      "IsGenerate": false
    },
    {
      "CustomerID": "d0d5ebdb-f6a6-4583-8d2f-0df8ebb54f34",
      "CustomerCode": "KH000005",
      "CustomerName": "Nguyễn Đức Việt",
      "Tel": "0979.365.236",
      "CompanyName": "",
      "CompanyTaxCode": "",
      "Address": "Công ty TNHH Tấn Tài",
      "Description": "",
      "MemberCardNo": "",
      "Inactive": false,
      "Email": "",
      "PostalCode": "",
      "Amount": 2082000,
      "FirstName": "Nguyễn Đức Việt",
      "LastName": "",
      "ContactPrefix": -1,
      "HouseNumber": "",
      "ProvinceOrCity": "",
      "District": "",
      "Street": "Công ty TNHH Tấn Tài",
      "Is5FoodMember": false,
      "ImportListError": [],
      "ImportRowIndex": 0,
      "EditVersion": "AAAAAADMQD8=",
      "IsFristActive5food": false,
      "IsAddTo5Food": true,
      "EditMode": 0,
      "CreatedDate": "2016-06-10T01:36:19.603603Z",
      "ModifiedDate": "2019-08-19T08:25:14.787787Z",
      "ModifiedBy": "QUANLY",
      "IsGenerate": false
    },
    {
      "CustomerID": "82ea654a-dd00-4373-b46d-3b9fd4468c72",
      "CustomerCode": "KH000004",
      "CustomerName": "Lê Văn Mạnh",
      "Tel": "0912.335.369",
      "Address": "Công ty",
      "Inactive": false,
      "Amount": 2642000,
      "FirstName": "Lê Văn Mạnh",
      "ContactPrefix": -1,
      "Street": "Công ty",
      "Is5FoodMember": false,
      "ImportListError": [],
      "ImportRowIndex": 0,
      "EditVersion": "AAAAAAC/SMU=",
      "IsFristActive5food": false,
      "IsAddTo5Food": true,
      "EditMode": 0,
      "CreatedDate": "2016-06-10T01:34:14.59059Z",
      "ModifiedDate": "2018-05-03T09:48:15.047047Z",
      "ModifiedBy": "THUNGAN",
      "IsGenerate": false
    },
    {
      "CustomerID": "4ccbd35c-06ea-4980-a484-7d84abd0eb88",
      "CustomerCode": "KH000003",
      "CustomerName": "Công ty TNHH Đại Lộc",
      "Tel": "0977.886.368",
      "Address": "Nam Từ Liêm - Hà Nội",
      "Inactive": false,
      "Amount": 1295000,
      "FirstName": "Công ty TNHH Đại Lộc",
      "ContactPrefix": -1,
      "Street": "Nam Từ Liêm - Hà Nội",
      "Is5FoodMember": false,
      "ImportListError": [],
      "ImportRowIndex": 0,
      "EditVersion": "AAAAAAC/SMg=",
      "IsFristActive5food": false,
      "IsAddTo5Food": true,
      "EditMode": 0,
      "CreatedDate": "2016-06-10T01:30:49.12012Z",
      "ModifiedDate": "2018-05-03T09:48:15.047047Z",
      "IsGenerate": false
    },
    {
      "CustomerID": "fa962daf-dc16-4518-a093-8f15df59d87b",
      "CustomerCode": "KH000002",
      "CustomerName": "Công ty TNHH An Thanh",
      "Tel": "8686995909",
      "Address": "bgtnymjuri7uy",
      "Inactive": false,
      "Amount": 3019000,
      "FirstName": "Công ty TNHH An Thanh",
      "ContactPrefix": -1,
      "Street": "",
      "Is5FoodMember": false,
      "ImportListError": [],
      "ImportRowIndex": 0,
      "EditVersion": "AAAAAADM9ek=",
      "IsFristActive5food": false,
      "IsAddTo5Food": true,
      "EditMode": 0,
      "CreatedDate": "2016-04-25T15:36:12.93093Z",
      "ModifiedDate": "2019-08-22T04:29:06.363363Z",
      "ModifiedBy": "QUANLY",
      "IsGenerate": false
    },
    {
      "CustomerID": "cad86385-6479-40ac-a667-0830a81c227c",
      "CustomerCode": "KH000001",
      "CustomerName": "Nguyễn Văn An",
      "Tel": "0915.256.255",
      "CompanyName": "",
      "CompanyTaxCode": "",
      "Address": "",
      "MemberCardNo": "",
      "Inactive": false,
      "Amount": 1368000,
      "FirstName": "Nguyễn Văn An",
      "ContactPrefix": -1,
      "Street": "",
      "Is5FoodMember": false,
      "ImportListError": [],
      "ImportRowIndex": 0,
      "EditVersion": "AAAAAAC/SME=",
      "IsFristActive5food": false,
      "IsAddTo5Food": true,
      "EditMode": 0,
      "CreatedDate": "2016-05-04T17:00:00.000Z",
      "CreatedBy": "",
      "ModifiedDate": "2018-05-03T09:48:15.047047Z",
      "ModifiedBy": "THUNGAN",
      "IsGenerate": false
    },
    {
      "CustomerID": "e2f1180c-8054-41a7-bb8d-9e0588de49e9",
      "CustomerCode": "KH000021",
      "CustomerName": "Nguyễn Tiến Tân",
      "Tel": "09218123910",
      "Birthday": "1963-01-18T17:00:00.000Z",
      "CompanyName": "",
      "CompanyTaxCode": "",
      "Address": "",
      "Description": "",
      "MemberCardNo": "",
      "Inactive": false,
      "Email": "",
      "PostalCode": "",
      "Amount": 0,
      "MemberShipID": 3176,
      "MemberShipCode": "209419926",
      "LastName": "",
      "ContactPrefix": 0,
      "HouseNumber": "",
      "ProvinceOrCity": "",
      "District": "",
      "Street": "",
      "Is5FoodMember": true,
      "ImportListError": [],
      "ImportRowIndex": 0,
      "EditVersion": "AAAAAADMQDs=",
      "IsFristActive5food": false,
      "IsAddTo5Food": true,
      "EditMode": 0,
      "CreatedDate": "2019-05-29T02:34:13.49049Z",
      "CreatedBy": "QUANLY",
      "ModifiedDate": "2019-08-19T08:22:45.83083Z",
      "ModifiedBy": "QUANLY",
      "IsGenerate": false
    },
    {
      "CustomerID": "305bdc43-067c-4a8d-aa43-33abd21cc012",
      "CustomerCode": "KH000020",
      "CustomerName": "Nguyễn Văn Tuấn",
      "Tel": "0974791898",
      "Birthday": "1997-04-13T17:00:00.000Z",
      "CompanyName": "MISA",
      "CompanyTaxCode": "563747346",
      "Address": "Hà Nội",
      "Description": "Không có ghi chú",
      "MemberCardNo": "",
      "MemberLevelID": "17853204-18cc-4f61-a4b7-a2b5f33295b4",
      "CustomerCategoryID": "139d689c-a74c-4159-a96f-9d4bfa108125",
      "CustomerCategoryCode": "VIP",
      "Inactive": false,
      "Email": "nvtuan1404@gmail.com",
      "PostalCode": "",
      "Amount": 0,
      "MemberShipID": 3102,
      "MemberShipCode": "661489451",
      "LastName": "",
      "ContactPrefix": 0,
      "HouseNumber": "",
      "ProvinceOrCity": "",
      "District": "",
      "Street": "",
      "Is5FoodMember": true,
      "ImportListError": [],
      "ImportRowIndex": 0,
      "EditVersion": "AAAAAADFQ/o=",
      "IsFristActive5food": false,
      "IsAddTo5Food": true,
      "EditMode": 0,
      "CreatedDate": "2019-04-01T03:19:35.387387Z",
      "CreatedBy": "QUANLY",
      "ModifiedDate": "2019-04-01T03:19:35.387387Z",
      "ModifiedBy": "QUANLY",
      "IsGenerate": false
    },
    {
      "CustomerID": "999de62e-4c7d-42b4-812b-f1ac583c27bc",
      "CustomerCode": "KH00001a",
      "CustomerName": "Nguyễn Đình Chiểu",
      "Tel": "0945978643",
      "CompanyName": "Công ty cổ phần osion",
      "CompanyTaxCode": "",
      "Address": "",
      "Description": "",
      "MemberCardNo": "",
      "MemberLevelID": "17853204-18cc-4f61-a4b7-a2b5f33295b4",
      "Inactive": false,
      "Email": "",
      "PostalCode": "",
      "Amount": 0,
      "MemberShipID": 1942,
      "MemberShipCode": "444476778",
      "LastName": "",
      "ContactPrefix": 0,
      "HouseNumber": "",
      "ProvinceOrCity": "",
      "District": "",
      "Street": "",
      "Is5FoodMember": true,
      "ImportListError": [],
      "ImportRowIndex": 0,
      "EditVersion": "AAAAAADBTG0=",
      "IsFristActive5food": false,
      "IsAddTo5Food": true,
      "EditMode": 0,
      "CreatedDate": "2018-05-24T02:55:25.557557Z",
      "CreatedBy": "QUANLY",
      "ModifiedDate": "2018-11-07T10:50:13.73073Z",
      "ModifiedBy": "QUANLY",
      "IsGenerate": false
    },
    {
      "CustomerID": "64459a1b-8a8b-4d61-a40a-55ae56bf67ee",
      "CustomerCode": "KH000019",
      "CustomerName": "Nguyễn Văn Mạnh",
      "Tel": "0332309888",
      "CompanyName": "",
      "CompanyTaxCode": "",
      "Address": "",
      "Description": "",
      "MemberCardNo": "",
      "Inactive": false,
      "Email": "",
      "PostalCode": "",
      "Amount": 0,
      "MemberShipID": 2955,
      "MemberShipCode": "054796230",
      "LastName": "",
      "ContactPrefix": 0,
      "HouseNumber": "",
      "ProvinceOrCity": "",
      "District": "",
      "Street": "",
      "Is5FoodMember": true,
      "ImportListError": [],
      "ImportRowIndex": 0,
      "EditVersion": "AAAAAADMQN8=",
      "IsFristActive5food": false,
      "IsAddTo5Food": true,
      "EditMode": 0,
      "CreatedDate": "2019-03-26T01:58:00.377377Z",
      "CreatedBy": "QUANLY",
      "ModifiedDate": "2019-08-19T08:32:27.143143Z",
      "ModifiedBy": "QUANLY",
      "IsGenerate": false
    },
    {
      "CustomerID": "50d526c2-a7eb-4bd7-8beb-4026352e43d8",
      "CustomerCode": "KH000018",
      "CustomerName": "Nguyễn Minh Hoàng",
      "Tel": "564545645",
      "CompanyName": "",
      "CompanyTaxCode": "",
      "Address": "Lý Nhân, Vĩnh Tường, Vĩnh Phúc",
      "Description": "",
      "MemberCardNo": "",
      "Inactive": false,
      "Email": "",
      "PostalCode": "",
      "Amount": 0,
      "MemberShipID": 3044,
      "MemberShipCode": "564889921",
      "FirstName": "sfasreasa",
      "LastName": "",
      "ContactPrefix": -1,
      "HouseNumber": "",
      "ProvinceOrCity": "",
      "District": "",
      "Street": "dsagdgwertg",
      "Is5FoodMember": true,
      "ImportListError": [],
      "ImportRowIndex": 0,
      "EditVersion": "AAAAAADMQU4=",
      "IsFristActive5food": false,
      "IsAddTo5Food": true,
      "EditMode": 0,
      "CreatedDate": "2019-01-30T02:19:52.5005Z",
      "ModifiedDate": "2019-08-19T08:34:27.533533Z",
      "ModifiedBy": "QUANLY",
      "IsGenerate": false
    },
    {
      "CustomerID": "80c75e16-3a07-4c17-a894-583420ac5519",
      "CustomerCode": "KH000017a",
      "CustomerName": "Lê Thị Mơ",
      "Tel": "0969783657",
      "CompanyName": "",
      "CompanyTaxCode": "",
      "Address": "",
      "Description": "",
      "MemberCardNo": "",
      "MemberLevelID": "17853204-18cc-4f61-a4b7-a2b5f33295b4",
      "Inactive": false,
      "Email": "",
      "PostalCode": "",
      "Amount": 0,
      "MemberShipID": 1944,
      "MemberShipCode": "975638900",
      "LastName": "",
      "ContactPrefix": 0,
      "HouseNumber": "",
      "ProvinceOrCity": "",
      "District": "",
      "Street": "",
      "Is5FoodMember": true,
      "ImportListError": [],
      "ImportRowIndex": 0,
      "EditVersion": "AAAAAADBTGg=",
      "IsFristActive5food": false,
      "IsAddTo5Food": true,
      "EditMode": 0,
      "CreatedDate": "2018-05-24T02:56:46.13013Z",
      "CreatedBy": "QUANLY",
      "ModifiedDate": "2018-11-07T10:50:13.73073Z",
      "ModifiedBy": "QUANLY",
      "IsGenerate": false
    },
    {
      "CustomerID": "3bd54c4b-4de0-4163-b0ac-f686a547800d",
      "CustomerCode": "KH000017",
      "CustomerName": "Trương Quang Tuấn",
      "Tel": "213645646",
      "CompanyName": "",
      "CompanyTaxCode": "",
      "Address": "Tuân Chính, Vĩnh Phúc",
      "Description": "",
      "MemberCardNo": "",
      "Inactive": false,
      "Email": "",
      "PostalCode": "",
      "Amount": 0,
      "MemberShipID": 3043,
      "MemberShipCode": "940678369",
      "FirstName": "dèasfsf",
      "LastName": "",
      "ContactPrefix": -1,
      "HouseNumber": "",
      "ProvinceOrCity": "",
      "District": "",
      "Street": "áefasf",
      "Is5FoodMember": true,
      "ImportListError": [],
      "ImportRowIndex": 0,
      "EditVersion": "AAAAAADMQUw=",
      "IsFristActive5food": false,
      "IsAddTo5Food": true,
      "EditMode": 0,
      "CreatedDate": "2019-01-30T02:03:04.65065Z",
      "CreatedBy": "QUANLY",
      "ModifiedDate": "2019-08-19T08:33:48.957957Z",
      "ModifiedBy": "QUANLY",
      "IsGenerate": false
    },
    {
      "CustomerID": "2b494128-7d08-4a9d-a741-3a8eea727e06",
      "CustomerCode": "KH000016",
      "CustomerName": "Nguyễn Đình Thi",
      "Tel": "0984736253",
      "CompanyName": "",
      "CompanyTaxCode": "",
      "Address": "",
      "Description": "",
      "MemberCardNo": "",
      "MemberLevelID": "17853204-18cc-4f61-a4b7-a2b5f33295b4",
      "Inactive": false,
      "Email": "",
      "PostalCode": "",
      "Amount": 0,
      "MemberShipID": 1943,
      "MemberShipCode": "392573261",
      "LastName": "",
      "ContactPrefix": 0,
      "HouseNumber": "",
      "ProvinceOrCity": "",
      "District": "",
      "Street": "",
      "Is5FoodMember": true,
      "ImportListError": [],
      "ImportRowIndex": 0,
      "EditVersion": "AAAAAADBTGY=",
      "IsFristActive5food": false,
      "IsAddTo5Food": true,
      "EditMode": 0,
      "CreatedDate": "2018-05-24T02:56:02.107107Z",
      "CreatedBy": "QUANLY",
      "ModifiedDate": "2018-11-07T10:50:13.73073Z",
      "ModifiedBy": "QUANLY",
      "IsGenerate": false
    },
    {
      "CustomerID": "55777ba8-5d67-49be-9544-3fa8fdbf320d",
      "CustomerCode": "KH000014",
      "CustomerName": "Nguyễn Quang Huy",
      "Tel": "1111",
      "CompanyName": "",
      "CompanyTaxCode": "",
      "Address": "",
      "Description": "",
      "MemberCardNo": "",
      "Inactive": false,
      "Email": "",
      "PostalCode": "",
      "Amount": 0,
      "MemberShipID": 1820,
      "MemberShipCode": "334676938",
      "LastName": "",
      "ContactPrefix": 0,
      "HouseNumber": "",
      "ProvinceOrCity": "",
      "District": "",
      "Street": "",
      "Is5FoodMember": true,
      "ImportListError": [],
      "ImportRowIndex": 0,
      "EditVersion": "AAAAAADMQDY=",
      "IsFristActive5food": false,
      "IsAddTo5Food": true,
      "EditMode": 0,
      "CreatedDate": "2018-05-24T01:28:56.597597Z",
      "CreatedBy": "QUANLY",
      "ModifiedDate": "2019-08-19T08:21:46.17017Z",
      "ModifiedBy": "QUANLY",
      "IsGenerate": false
    },
    {
      "CustomerID": "8ffd8f84-4cb7-4e33-9fe6-e8c3c49052e2",
      "CustomerCode": "KH000011",
      "CustomerName": "Hoàng Thùy Linh",
      "Tel": "090.345.123",
      "CompanyName": "",
      "CompanyTaxCode": "",
      "Address": "15 Duy Tân",
      "Description": "",
      "MemberCardNo": "",
      "Inactive": false,
      "Email": "",
      "PostalCode": "",
      "Amount": 0,
      "MemberShipID": 153,
      "MemberShipCode": "387410371",
      "FirstName": "chị Linh",
      "LastName": "",
      "ContactPrefix": -1,
      "HouseNumber": "",
      "ProvinceOrCity": "",
      "District": "",
      "Street": "15 Duy Tân",
      "Is5FoodMember": true,
      "ImportListError": [],
      "ImportRowIndex": 0,
      "EditVersion": "AAAAAADMQDc=",
      "IsFristActive5food": false,
      "IsAddTo5Food": true,
      "EditMode": 0,
      "CreatedDate": "2018-02-26T02:48:06.187187Z",
      "CreatedBy": "THUNGAN",
      "ModifiedDate": "2019-08-19T08:22:02.953953Z",
      "ModifiedBy": "THUNGAN",
      "IsGenerate": false
    },
    {
      "CustomerID": "3cd687bf-4962-45f4-9607-27fb3f3841ea",
      "CustomerCode": "KH000010",
      "CustomerName": "Nguyễn Văn Mạnh",
      "Tel": "0123456789",
      "CompanyName": "",
      "CompanyTaxCode": "",
      "Address": "",
      "Description": "",
      "MemberCardNo": "",
      "MemberLevelID": "17853204-18cc-4f61-a4b7-a2b5f33295b4",
      "Inactive": false,
      "Email": "",
      "PostalCode": "",
      "Amount": 0,
      "MemberShipID": 243,
      "MemberShipCode": "517349226",
      "FirstName": "Nguyễn Văn Mạnh",
      "ContactPrefix": -1,
      "Street": "",
      "Is5FoodMember": true,
      "ImportListError": [],
      "ImportRowIndex": 0,
      "EditVersion": "AAAAAADBTGU=",
      "IsFristActive5food": false,
      "IsAddTo5Food": true,
      "EditMode": 0,
      "CreatedDate": "2018-02-26T01:12:37.347347Z",
      "CreatedBy": "QUANLY",
      "ModifiedDate": "2018-11-07T10:50:13.73073Z",
      "ModifiedBy": "QUANLY",
      "IsGenerate": false
    },
    {
      "CustomerID": "5a24c58e-0909-4954-94fe-f33c1ae57b32",
      "CustomerCode": "KH000007",
      "CustomerName": "Lại Thị Đào",
      "Tel": "01689584712",
      "CompanyName": "",
      "CompanyTaxCode": "",
      "Address": "Hà Đông, Hà Nội",
      "Description": "",
      "MemberCardNo": "",
      "Inactive": false,
      "Email": "",
      "PostalCode": "",
      "Amount": 0,
      "FirstName": "Chị Đào",
      "LastName": "",
      "ContactPrefix": -1,
      "HouseNumber": "",
      "ProvinceOrCity": "",
      "District": "",
      "Street": "",
      "Is5FoodMember": false,
      "ImportListError": [],
      "ImportRowIndex": 0,
      "EditVersion": "AAAAAADMQU8=",
      "IsFristActive5food": false,
      "IsAddTo5Food": true,
      "EditMode": 0,
      "CreatedDate": "2016-09-28T03:24:09.293293Z",
      "CreatedBy": "THUNGAN",
      "ModifiedDate": "2019-08-19T08:34:51.077077Z",
      "ModifiedBy": "THUNGAN",
      "IsGenerate": false
    },
    {
      "CustomerID": "e68c94f0-f145-4f90-9545-9df88cd6d092",
      "CustomerCode": "KH000006",
      "CustomerName": "Hoàng Anh Tuấn",
      "Tel": "0374075522",
      "CompanyName": "",
      "CompanyTaxCode": "",
      "Address": "",
      "Description": "",
      "MemberCardNo": "",
      "Inactive": false,
      "Email": "",
      "PostalCode": "",
      "Amount": 0,
      "FirstName": "Giao hàng",
      "LastName": "",
      "ContactPrefix": -1,
      "HouseNumber": "",
      "ProvinceOrCity": "",
      "District": "",
      "Street": "0",
      "Is5FoodMember": false,
      "ImportListError": [],
      "ImportRowIndex": 0,
      "EditVersion": "AAAAAADMQU0=",
      "IsFristActive5food": false,
      "IsAddTo5Food": true,
      "EditMode": 0,
      "CreatedDate": "2016-09-16T01:46:20.437437Z",
      "CreatedBy": "THUNGAN",
      "ModifiedDate": "2019-08-19T08:34:06.607607Z",
      "ModifiedBy": "THUNGAN",
      "IsGenerate": false
    },
    {
      "CustomerID": "4c0cabd3-d408-4341-9013-2486f804651d",
      "CustomerCode": "KH0000055",
      "CustomerName": "Nguyễn Thảo",
      "Tel": "0977340334",
      "CompanyName": "",
      "CompanyTaxCode": "",
      "Address": "Tòa nhà VTC, Hoàn Kiếm, Hà Nội",
      "Description": "",
      "MemberCardNo": "",
      "Inactive": false,
      "Email": "",
      "PostalCode": "",
      "Amount": 0,
      "FirstName": "chị Linh",
      "LastName": "",
      "ContactPrefix": -1,
      "HouseNumber": "",
      "ProvinceOrCity": "",
      "District": "",
      "Street": "15 Duy Tân",
      "Is5FoodMember": false,
      "ImportListError": [],
      "ImportRowIndex": 0,
      "EditVersion": "AAAAAADMQVA=",
      "IsFristActive5food": false,
      "IsAddTo5Food": true,
      "EditMode": 0,
      "CreatedDate": "2016-09-16T07:39:54.093093Z",
      "CreatedBy": "THUNGAN",
      "ModifiedDate": "2019-08-19T08:35:28.39039Z",
      "ModifiedBy": "THUNGAN",
      "IsGenerate": false
    },
    {
      "CustomerID": "d0d5ebdb-f6a6-4583-8d2f-0df8ebb54f34",
      "CustomerCode": "KH000005",
      "CustomerName": "Nguyễn Đức Việt",
      "Tel": "0979.365.236",
      "CompanyName": "",
      "CompanyTaxCode": "",
      "Address": "Công ty TNHH Tấn Tài",
      "Description": "",
      "MemberCardNo": "",
      "Inactive": false,
      "Email": "",
      "PostalCode": "",
      "Amount": 2082000,
      "FirstName": "Nguyễn Đức Việt",
      "LastName": "",
      "ContactPrefix": -1,
      "HouseNumber": "",
      "ProvinceOrCity": "",
      "District": "",
      "Street": "Công ty TNHH Tấn Tài",
      "Is5FoodMember": false,
      "ImportListError": [],
      "ImportRowIndex": 0,
      "EditVersion": "AAAAAADMQD8=",
      "IsFristActive5food": false,
      "IsAddTo5Food": true,
      "EditMode": 0,
      "CreatedDate": "2016-06-10T01:36:19.603603Z",
      "ModifiedDate": "2019-08-19T08:25:14.787787Z",
      "ModifiedBy": "QUANLY",
      "IsGenerate": false
    },
    {
      "CustomerID": "82ea654a-dd00-4373-b46d-3b9fd4468c72",
      "CustomerCode": "KH000004",
      "CustomerName": "Lê Văn Mạnh",
      "Tel": "0912.335.369",
      "Address": "Công ty",
      "Inactive": false,
      "Amount": 2642000,
      "FirstName": "Lê Văn Mạnh",
      "ContactPrefix": -1,
      "Street": "Công ty",
      "Is5FoodMember": false,
      "ImportListError": [],
      "ImportRowIndex": 0,
      "EditVersion": "AAAAAAC/SMU=",
      "IsFristActive5food": false,
      "IsAddTo5Food": true,
      "EditMode": 0,
      "CreatedDate": "2016-06-10T01:34:14.59059Z",
      "ModifiedDate": "2018-05-03T09:48:15.047047Z",
      "ModifiedBy": "THUNGAN",
      "IsGenerate": false
    },
    {
      "CustomerID": "4ccbd35c-06ea-4980-a484-7d84abd0eb88",
      "CustomerCode": "KH000003",
      "CustomerName": "Công ty TNHH Đại Lộc",
      "Tel": "0977.886.368",
      "Address": "Nam Từ Liêm - Hà Nội",
      "Inactive": false,
      "Amount": 1295000,
      "FirstName": "Công ty TNHH Đại Lộc",
      "ContactPrefix": -1,
      "Street": "Nam Từ Liêm - Hà Nội",
      "Is5FoodMember": false,
      "ImportListError": [],
      "ImportRowIndex": 0,
      "EditVersion": "AAAAAAC/SMg=",
      "IsFristActive5food": false,
      "IsAddTo5Food": true,
      "EditMode": 0,
      "CreatedDate": "2016-06-10T01:30:49.12012Z",
      "ModifiedDate": "2018-05-03T09:48:15.047047Z",
      "IsGenerate": false
    },
    {
      "CustomerID": "fa962daf-dc16-4518-a093-8f15df59d87b",
      "CustomerCode": "KH000002",
      "CustomerName": "Công ty TNHH An Thanh",
      "Tel": "8686995909",
      "Address": "bgtnymjuri7uy",
      "Inactive": false,
      "Amount": 3019000,
      "FirstName": "Công ty TNHH An Thanh",
      "ContactPrefix": -1,
      "Street": "",
      "Is5FoodMember": false,
      "ImportListError": [],
      "ImportRowIndex": 0,
      "EditVersion": "AAAAAADM9ek=",
      "IsFristActive5food": false,
      "IsAddTo5Food": true,
      "EditMode": 0,
      "CreatedDate": "2016-04-25T15:36:12.93093Z",
      "ModifiedDate": "2019-08-22T04:29:06.363363Z",
      "ModifiedBy": "QUANLY",
      "IsGenerate": false
    },
    {
      "CustomerID": "cad86385-6479-40ac-a667-0830a81c227c",
      "CustomerCode": "KH000001",
      "CustomerName": "Nguyễn Văn An",
      "Tel": "0915.256.255",
      "CompanyName": "",
      "CompanyTaxCode": "",
      "Address": "",
      "MemberCardNo": "",
      "Inactive": false,
      "Amount": 1368000,
      "FirstName": "Nguyễn Văn An",
      "ContactPrefix": -1,
      "Street": "",
      "Is5FoodMember": false,
      "ImportListError": [],
      "ImportRowIndex": 0,
      "EditVersion": "AAAAAAC/SME=",
      "IsFristActive5food": false,
      "IsAddTo5Food": true,
      "EditMode": 0,
      "CreatedDate": "2016-05-04T17:00:00.000Z",
      "CreatedBy": "",
      "ModifiedDate": "2018-05-03T09:48:15.047047Z",
      "ModifiedBy": "THUNGAN",
      "IsGenerate": false
    }
  ]

}
